id,trans_date_trans_time,cc_num,merchant,category,amt,first,last,gender,street,city,state,zip,lat,long,city_pop,job,dob,trans_num,unix_time,merch_lat,merch_long,is_fraud
232,2020-06-21 13:32:05,372382441451095,"fraud_Runolfsdottir, Mueller and Hand",health_fitness,49.28,Brent,Terrell,M,502 Rice Plaza Apt. 979,Port Ewen,NY,12466,41.8948,-73.9767,2471,Heritage manager,1966-01-21,995ff21a7f927004204994a6c8570c76,1371821525,40.902598,-74.477744,False
355,2020-06-21 14:14:02,213148039875802,fraud_Metz-Boehm,entertainment,7.68,Jill,Jacobs,F,034 Kimberly Mountains,Brandon,FL,33510,27.9551,-82.2966,79613,Environmental consultant,1978-11-30,6e9874eef2fed25d6a79d56d02e8c9af,1371824042,27.395492,-81.588426,False
311,2020-06-21 14:00:11,4191109180926792,"fraud_Bahringer, Bergnaum and Quitzon",home,235.68,Jennifer,Spencer,F,477 Wheeler Burg,Amanda,OH,43102,39.6251,-82.7552,4512,Farm manager,1992-10-03,8897077856aef4eafd181e856606c5e2,1371823211,39.253923,-83.606873,False
406,2020-06-21 14:31:15,571465035400,"fraud_Pouros, Walker and Spencer",entertainment,55.03,Louis,Fisher,M,45654 Hess Rest,Fort Washakie,WY,82514,43.0048,-108.8964,1645,Freight forwarder,1976-02-26,6d71e7c09b8c2aa5c2bc5cebb6f560dd,1371825075,42.409141,-109.050065,False
354,2020-06-21 14:13:30,30442439074871,fraud_Larkin Ltd,kids_pets,232.48,Linda,Sanchez,F,6574 William Hill Apt. 375,Jermyn,PA,18433,41.5744,-75.5881,6508,Training and development officer,1981-06-22,77d18de139b6f2e36a0a5711a2aefae3,1371824010,41.396358,-75.687624,False
489,2020-06-21 15:02:29,3527536963490470,fraud_Bruen-Yost,food_dining,8.69,Teresa,Stein,F,2838 White Fields Apt. 473,Brunson,SC,29911,32.9413,-81.1807,1725,Social researcher,1974-12-05,b88b90db1db5ad895a635b95064811d3,1371826949,33.326021000000004,-81.651078,False
130,2020-06-21 12:55:10,2296006538441789,fraud_Ernser-Lynch,entertainment,19.52,Judy,Hogan,F,4970 Michelle Burgs,Brooklyn,NY,11217,40.6816,-73.9798,2504700,Medical sales representative,1999-09-01,07972757acdafdc949dd42ce5c6cf07d,1371819310,41.402386,-73.167331,False
394,2020-06-21 14:27:02,374930071163758,fraud_Gislason Group,misc_pos,5.92,Daniel,Escobar,M,61390 Hayes Port,Romulus,MI,48174,42.2203,-83.3583,31515,Police officer,1971-11-05,96030f6f1cc3ea4240501f6776f10c17,1371824822,42.462171000000005,-83.656903,False
235,2020-06-21 13:33:50,213174467670432,fraud_Crona and Sons,misc_pos,169.09,James,Bishop,M,7055 Fernandez Estates Apt. 676,Cecilton,MD,21913,39.4015,-75.8654,663,Podiatrist,1969-01-14,6bf626064f5e5933dd48084f36ef2339,1371821630,39.83194,-76.092179,False
504,2020-06-21 15:06:19,2264937662466770,fraud_Padberg-Sauer,entertainment,45.48,Juan,Sherman,M,5939 Garcia Forges Suite 297,San Antonio,TX,78214,29.3641,-98.4924,1595797,Land,1995-10-17,a63621e7e4dad21b0cdd6ecc6f31411c,1371827179,29.938746,-97.734215,False
401,2020-06-21 14:29:46,4998109455173950,fraud_Dickinson Ltd,personal_care,74.6,Mary,Pruitt,F,2819 Luke Greens Suite 563,Kansas City,MO,64114,38.9621,-94.5959,545147,Counsellor,1987-11-18,7ee6622231228dff2714251cf2e4d220,1371824986,39.12601,-94.953735,False
32,2020-06-21 12:26:13,4302475216404898,"fraud_Zemlak, Tillman and Cremin",personal_care,19.03,Daniel,Cain,M,384 Newman Forks Apt. 370,Belmond,IA,50421,42.8511,-93.62,3032,Community pharmacist,1964-08-08,cd10a7d08e9262899109c06a8e180302,1371817573,42.322809,-94.363655,False
111,2020-06-21 12:47:57,3523843138706408,fraud_Schmidt and Sons,misc_pos,18.34,Grace,Williams,F,28812 Charles Mill Apt. 628,Plantersville,AL,36758,32.6176,-86.9475,1412,Drilling engineer,1970-11-20,cc4cbdd981c4168207c152552049c6c4,1371818877,32.678558,-87.272214,False
452,2020-06-21 14:47:41,2229824890647120,fraud_Bauch-Blanda,entertainment,3.04,Walter,Blair,M,44951 Williams Brooks,Pearlington,MS,39572,30.2508,-89.6011,1414,"Therapist, occupational",1958-02-17,63ae1ab47a5368e552283d53f04a0189,1371826061,29.713001,-90.079349,False
441,2020-06-21 14:44:16,377895991033232,fraud_Greenholt Ltd,health_fitness,68.02,Kimberly,Myers,F,6881 King Isle Suite 228,Higganum,CT,6441,41.4682,-72.5751,5438,"Librarian, academic",1964-11-17,123ed9f1bc2a31d28d355cfa4e7682f5,1371825856,40.73109,-71.73349,False
250,2020-06-21 13:40:52,676369110710,fraud_Erdman-Ebert,entertainment,102.88,David,Wolfe,M,81261 Garcia Underpass Suite 741,Southfield,MI,48034,42.4969,-83.2911,75830,"Engineer, automotive",1974-12-28,3717cda4ab527b59e521ab89f140578d,1371822052,41.554633,-82.407236,False
142,2020-06-21 12:59:36,371009169330125,fraud_Effertz LLC,entertainment,346.18,Randall,Burgess,M,393 Carroll Route Suite 197,Norman Park,GA,31771,31.2462,-83.6549,5666,Rural practice surveyor,2003-09-14,e558e093053328aba4af71a4b98a9a4e,1371819576,32.024134000000004,-84.370346,False
234,2020-06-21 13:32:40,4634955908138648,fraud_Abshire PLC,home,34.88,Mackenzie,Smith,F,7178 Willis Drive,Hooper,NE,68031,41.6414,-96.5232,1745,"Engineer, automotive",1973-12-26,93ee6c390ef6df5937dab28ec56ccbec,1371821560,41.407162,-95.817404,False
262,2020-06-21 13:43:57,4536996888716062123,fraud_Howe Ltd,misc_pos,29.68,Nathan,Mendoza,M,767 Adam Mill Apt. 115,Espanola,NM,87533,35.9866,-106.0654,18408,Historic buildings inspector/conservation officer,1972-07-18,d2556ba625bd1d60c3fc4c8cdc98f280,1371822237,36.16208,-106.135057,False
107,2020-06-21 12:47:21,4191109180926792,fraud_Gottlieb-Hansen,entertainment,12.64,Jennifer,Spencer,F,477 Wheeler Burg,Amanda,OH,43102,39.6251,-82.7552,4512,Farm manager,1992-10-03,36889cdd6d799ccda86cf3c6509010b1,1371818841,39.66641,-83.56224300000001,False
182,2020-06-21 13:15:51,213157767990030,"fraud_Lubowitz, Terry and Stracke",personal_care,46.46,Tara,Campbell,F,05050 Rogers Well Apt. 439,Rock Springs,WY,82901,41.606,-109.23,27971,Music therapist,1984-08-01,c6fe3189d929456a779d341498fb177b,1371820551,42.096035,-109.177709,False
101,2020-06-21 12:46:08,4400011257587661852,fraud_Bahringer Group,travel,20.66,Marissa,Powell,F,474 Allen Haven,North Loup,NE,68859,41.4972,-98.7858,509,"Nurse, children's",1980-09-15,c824dd2d399b50aba31415d2985f97c0,1371818768,41.103974,-98.4845,False
144,2020-06-21 13:00:07,5456776410929288,fraud_Satterfield-Lowe,travel,8.26,Taylor,Khan,F,658 Diane Glen Apt. 677,North Washington,PA,16048,41.0472,-79.8089,139,Patent attorney,1954-05-25,bf22bf7594e4fde6d8505583a3aa513a,1371819607,42.039551,-80.43666999999999,False
36,2020-06-21 12:27:08,4683520018489354,fraud_Schiller Ltd,misc_net,52.62,Charles,Carrillo,M,17547 Stephen Turnpike Apt. 846,Hawthorne,CA,90250,33.9143,-118.3493,93193,"Editor, magazine features",1995-04-19,e91e10ae4ad160e1aee1054ea96de9ba,1371817628,33.949418,-117.610248,False
200,2020-06-21 13:21:20,4119762878330989,fraud_Terry Ltd,home,349.54,Melinda,Gutierrez,F,1497 West Gateway,Eureka,IL,61530,40.7152,-89.2706,6713,Archivist,1945-08-19,3be6acc4b5e85330d7d2694a02651375,1371820880,39.829193,-88.918803,False
300,2020-06-21 13:56:51,38052002992326,fraud_Grimes LLC,entertainment,10.42,Anna,Logan,F,3522 Park Wells Suite 528,Cleveland,TX,77327,30.33,-95.0202,34153,Building surveyor,1995-09-11,d658f2721debb2d0e48b4332151236d7,1371823011,29.666873,-94.50768,False
414,2020-06-21 14:33:30,5501083170975659,fraud_Fadel Inc,entertainment,51.5,Wayne,Payne,M,587 Bradley Inlet Suite 281,Cuyahoga Falls,OH,44223,41.1464,-81.5107,47772,Equities trader,1966-01-04,598eab1698e379d5a0bfe4f3c5fa2a36,1371825210,42.038811,-80.70387099999999,False
265,2020-06-21 13:45:05,4716561796955522,fraud_Bruen-Yost,misc_pos,15.32,Lauren,Anderson,F,11014 Chad Lake Apt. 573,Heart Butte,MT,59448,48.2777,-112.8456,743,Water engineer,1972-05-04,ba234bf26131b2acb72f86af8209f98f,1371822305,48.597926,-111.918758,False
494,2020-06-21 15:03:44,2720830304681674,fraud_Pouros-Haag,shopping_pos,1.18,Melissa,Aguilar,F,21326 Taylor Squares Suite 708,Clarksville,TN,37040,36.522,-87.34899999999999,151785,Pathologist,1974-03-28,c8ceccee9cb9cf06107432454a211448,1371827024,35.785532,-87.720425,False
65,2020-06-21 12:33:45,4509922033272157,fraud_Pouros-Haag,shopping_pos,7.93,Monica,West,F,22084 Smith Roads Suite 776,Hurley,SD,57036,43.2893,-97.1904,811,Neurosurgeon,1972-03-28,3aedf92246758786b01168d5dc5773b5,1371818025,43.795359000000005,-96.833415,False
135,2020-06-21 12:56:06,4259996134423,"fraud_Crist, Jakubowski and Littel",home,46.33,Julie,Johnson,F,9331 Robert Passage Suite 327,Hudson,KS,67545,38.1485,-98.6408,215,Probation officer,1968-11-22,51cdc787845ce5aab65a7598e5127553,1371819366,38.908427,-99.275548,False
506,2020-06-21 15:06:27,501831082224,fraud_Nader-Maggio,shopping_net,60.96,Corey,Jones,M,709 George Underpass Apt. 080,West Decatur,PA,16878,40.9493,-78.3129,1762,Armed forces logistics/support/administrative officer,1962-05-04,93f0f20478d1c59b2229db2c858f459d,1371827187,40.427063,-79.22495,False
257,2020-06-21 13:42:31,2229378226512508,fraud_Zboncak Ltd,food_dining,128.36,Thomas,Hale,M,949 Smith Parkway,Cazenovia,WI,53924,43.4987,-90.2796,1360,Occupational hygienist,1984-11-06,dbc4a5cc4cbf43decad95cf6c1c483e1,1371822151,44.02909,-90.00741,False
70,2020-06-21 12:35:55,4956828990005111019,fraud_Bednar PLC,kids_pets,10.26,Kenneth,Robinson,M,269 Sanchez Rapids,Elizabeth,NJ,7208,40.6747,-74.2239,124967,Operational researcher,1980-12-21,049d3ba5ef543bdabfa44b6443f3d20e,1371818155,41.131668,-75.188408,False
61,2020-06-21 12:32:51,213156747557083,fraud_White and Sons,home,55.53,Adam,Santos,M,725 Jo Trace Apt. 102,Glendale,CA,91206,34.1556,-118.2322,172817,Advertising account planner,1982-07-30,c97a7d07cc73cb35af508befd2bc452b,1371817971,33.623691,-118.424568,False
25,2020-06-21 12:23:08,6011148190095209,fraud_Leannon-Ward,entertainment,94.12,Terri,Bailey,F,508 Erin Mount,Daly City,CA,94015,37.6787,-122.478,107941,"Buyer, industrial",1991-10-04,3dfec697170c9155ba76464e03179724,1371817388,38.048242,-123.12568,False
436,2020-06-21 14:43:01,3575540972310993,"fraud_Swaniawski, Nitzsche and Welch",health_fitness,85.34,Rachel,Villarreal,F,250 Carrie Throughway,University,MS,38677,34.3396,-89.5736,4198,Curator,2001-06-22,f088d0212f3be8cec360c82150bd0e77,1371825781,34.312576,-89.685358,False
360,2020-06-21 14:14:48,3551512895305309,fraud_Yost-Rogahn,personal_care,48.9,Erika,Anderson,F,3786 Hale Corners,Rochester,KY,42273,37.2048,-86.8592,443,"Development worker, international aid",1947-07-15,0c1979133d22dd5734b5d8c4519e3914,1371824088,37.322829,-87.355525,False
368,2020-06-21 14:18:47,213161231269724,fraud_Medhurst Inc,home,62.36,Alyssa,Morgan,F,622 Robin Run Suite 764,Gadsden,AL,35901,34.048,-85.9246,67082,Physiological scientist,1963-02-09,3f9ed9ff0bcaac02bd338ace41cc6254,1371824327,33.26423,-85.863265,False
191,2020-06-21 13:18:43,30044330818990,fraud_Gibson-Deckow,entertainment,374.2,Allison,Ayala,F,87665 Karen Mill Apt. 586,Fort Myers,FL,33967,26.4722,-81.8122,224256,Paramedic,1985-08-29,c02d314735d9077b7d9c77ec21261cfa,1371820723,26.197333,-81.976019,False
463,2020-06-21 14:54:38,4208110975550360171,fraud_Kuhn LLC,shopping_pos,161.37,David,Bonilla,M,82073 Jessica Camp,West Green,GA,31567,31.6143,-82.7243,782,Audiological scientist,1982-01-16,ad4cccf4190c15a3843c298e25e3b41b,1371826478,30.844109000000003,-83.494447,False
342,2020-06-21 14:09:50,6011381817520024,fraud_Connelly PLC,entertainment,86.26,Kristen,Allen,F,8619 Lisa Manors Apt. 871,Lagrange,WY,82221,41.6423,-104.1974,635,Product/process development scientist,1973-07-13,47ec7116bd85d46d35deee1360775500,1371823790,41.312746,-104.149965,False
293,2020-06-21 13:55:26,3513506355699497,"fraud_Kilback, Nitzsche and Leffler",travel,4.58,Sarah,Adams,F,5654 Peterson Land,Ridgeland,MS,39157,32.4122,-90.1207,24645,"Scientist, clinical (histocompatibility and immunogenetics)",1966-05-29,1600907144f13bc1c0a9e66ba700f09f,1371822926,31.553201,-90.227159,False
313,2020-06-21 14:00:41,676173792455,fraud_Breitenberg-Hermiston,kids_pets,102.98,Brittany,Cox,F,07177 William Dale Apt. 547,Santa Monica,CA,90403,34.0287,-118.4924,92043,"Civil engineer, contracting",1961-04-25,4f0292198099a718f080cd9bff041469,1371823241,34.315474,-118.94066,False
158,2020-06-21 13:05:55,4044436772018844508,fraud_Donnelly LLC,entertainment,295.96,Amy,Abbott,F,01505 Amy Stravenue,Dayton,OH,45415,39.8355,-84.2613,479994,Environmental manager,1970-11-09,f98bb52a6572081f4f36c75e1e17419a,1371819955,39.990538,-83.772467,False
3,2020-06-21 12:15:15,3591919803438423,fraud_Haley Group,entertainment,120.1,Brian,Williams,M,32941 Krystal Mill Apt. 552,Titusville,FL,32780,28.5697,-80.8191,54767,Set designer,1987-07-25,2159175b9efe66dc301f149d3d5abf8c,1371816915,28.812398,-80.883061,False
56,2020-06-21 12:31:32,4599735407877245080,"fraud_O'Reilly, Mohr and Purdy",home,61.46,Mary,Myers,F,39787 Pamela Fall Suite 639,Tiptonville,TN,38079,36.3846,-89.4649,5577,Geochemist,1964-12-30,d23a9cc9f255e797022458fc9de3b2ce,1371817892,36.312953,-89.938402,False
345,2020-06-21 14:10:30,6011104316292105,fraud_Connelly-Carter,home,24.18,Valerie,Davis,F,3861 Anderson Ramp Apt. 536,Drakes Branch,VA,23937,36.9688,-78.5615,1970,Energy engineer,1985-09-02,23d20ce2c80bb62e9f6ce643ea8a3d1c,1371823830,36.365549,-78.335226,False
226,2020-06-21 13:30:50,4003989662068504,fraud_Rempel Inc,shopping_net,15.62,Chris,White,M,98897 Bennett Lodge,Bessemer,AL,35022,33.3224,-86.9657,71463,Radio broadcast assistant,1989-02-08,77a6ff12eeeeac93b866afaacfb3a62c,1371821450,33.841491999999995,-86.611828,False
375,2020-06-21 14:21:32,4890424426862856940,fraud_Lynch-Wisozk,home,35.0,Jeremy,Whitney,M,0371 Aimee Neck Suite 856,Sacramento,CA,95827,38.5662,-121.3286,757530,Magazine features editor,1979-04-30,767a6505a03775291f01fc2e84540c43,1371824492,39.388925,-121.420945,False
96,2020-06-21 12:43:58,5501083170975659,fraud_Kihn-Fritsch,food_dining,16.06,Wayne,Payne,M,587 Bradley Inlet Suite 281,Cuyahoga Falls,OH,44223,41.1464,-81.5107,47772,Equities trader,1966-01-04,04207da612fce9f0093acb23a68c11e7,1371818638,40.312539,-81.654015,False
21,2020-06-21 12:20:42,4560004149983868183,fraud_Gottlieb Group,kids_pets,75.9,Stacy,Villegas,F,20581 Pena Walks,Colorado Springs,CO,80951,38.8881,-104.6556,525713,Museum/gallery exhibitions officer,1992-05-09,b14cd1ccf78a409c664bf071872a4384,1371817242,39.844711,-103.975632,False
279,2020-06-21 13:48:52,180031190491743,fraud_Feil-Morar,health_fitness,265.14,Becky,Mckinney,F,250 Benjamin Hill Apt. 026,Mobile,AL,36617,30.7145,-88.0918,270712,"Surveyor, land/geomatics",1972-01-05,6f51b1afb35b60a053de5a22843d051c,1371822532,30.826301,-87.818443,False
304,2020-06-21 13:57:32,4103158249977,fraud_Schaefer Ltd,entertainment,45.19,Christopher,Adkins,M,3512 Knight Center,Lorenzo,TX,79343,33.6666,-101.5277,1571,Petroleum engineer,1982-06-27,e9fa59dd8ffe82922598ca804bb87bbe,1371823052,33.472934,-100.657705,False
120,2020-06-21 12:51:34,4584931703207308232,fraud_Botsford Ltd,shopping_pos,6.74,Amanda,Gomez,F,8152 Brittany Centers,Dallas,TX,75218,32.8463,-96.6972,1263321,"Designer, ceramics/pottery",1975-04-16,669f6c81e6fe6f99a4bb6c5f2802c1ca,1371819094,32.422918,-96.070476,False
44,2020-06-21 12:29:27,375848982312810,fraud_Crona and Sons,travel,61.18,Dale,Smith,M,25036 Contreras Turnpike Suite 270,Purmela,TX,76566,31.4841,-97.9903,258,Web designer,1943-12-15,5f947d9974aca9e08265898e26db1583,1371817767,32.053228000000004,-97.160999,False
349,2020-06-21 14:11:57,4769426683924058915,"fraud_Pouros, Walker and Spencer",kids_pets,43.54,Andrea,Cruz,F,26572 Hodge Villages Suite 512,Mifflin,PA,17058,40.5553,-77.4001,1909,Mining engineer,1954-08-22,7f84353e86acc998cbf20423cf6f9f6f,1371823917,39.595859,-77.141641,False
396,2020-06-21 14:27:06,4451952084362894,fraud_Kuphal-Toy,food_dining,124.38,Joseph,Davis,M,941 Adam Stravenue,Nazareth,TX,79063,34.5444,-102.1069,686,Petroleum engineer,1980-07-30,a14f3e49a67b056ad6cca71aa13713ef,1371824826,35.391806,-101.768692,False
212,2020-06-21 13:25:32,3565196229855512,fraud_Renner Ltd,entertainment,188.54,Adriana,Harvey,F,715 Joy Prairie,Unionville,MO,63565,40.4815,-92.9951,3805,"Investment banker, corporate",1950-09-15,32492608bb169509477c770ebc9241d8,1371821132,39.495197,-92.625261,False
411,2020-06-21 14:32:02,4089096483689733451,"fraud_Quitzon, Green and Bashirian",shopping_pos,22.7,Debra,Stark,F,686 Linda Rest,Kilgore,TX,75662,32.3836,-94.8653,24536,Multimedia programmer,1983-10-14,3cb5260cf5a2700f68db3678cf44e3bc,1371825122,31.806895,-95.824114,False
46,2020-06-21 12:29:33,6011149206456997,"fraud_Koss, Hansen and Lueilwitz",home,84.11,Jeffrey,White,M,8617 Holmes Terrace Suite 651,Tuscarora,MD,21790,39.2667,-77.5101,100,"Production assistant, television",1979-12-11,ce73a1c97d13e160112f3142781300ac,1371817773,39.535382,-77.064747,False
321,2020-06-21 14:03:24,3533742182628021,"fraud_Lehner, Mosciski and King",entertainment,127.94,Robert,Haynes,M,857 Aaron Circles Suite 398,Johns Island,SC,29455,32.8357,-79.8217,20478,Materials engineer,1997-06-04,ad39f44b505f6088077315842e12005a,1371823404,33.204335,-78.99208399999999,False
93,2020-06-21 12:43:07,4294040533480516,fraud_Homenick LLC,personal_care,16.8,Gail,Weaver,F,979 Stewart Lake,New Ellenton,SC,29809,33.413000000000004,-81.69,2206,Biomedical scientist,1986-12-31,1023690403cb70fdd8df519f40fc9d54,1371818587,33.647548,-80.75383000000001,False
208,2020-06-21 13:24:28,3557442674264531,fraud_Cartwright PLC,shopping_net,223.14,Angela,Edwards,F,486 Wilkins Pines,Lithopolis,OH,43136,39.8013,-82.8125,460,"Lecturer, higher education",2004-06-19,141db8af987da5cf06bc853a20f51e6a,1371821068,40.706719,-82.083434,False
248,2020-06-21 13:38:42,373905417449658,"fraud_Gutmann, McLaughlin and Wiza",home,217.02,Sarah,Bishop,F,554 Mcdonald Valley Apt. 539,Meridian,TX,76665,31.929,-97.6443,2526,Phytotherapist,1970-11-12,fb61c317b7a9d0b57326cec6a8f8dbf5,1371821922,32.912307,-98.099341,False
458,2020-06-21 14:51:28,4128027264554082,fraud_Shanahan-Lehner,food_dining,88.7,Kyle,Park,M,7507 Larry Passage Suite 859,Mount Perry,OH,43760,39.8788,-82.18799999999999,1831,Barrister's clerk,1953-10-18,82f2af1dd656b6e3a5c06be656b1ea45,1371826288,40.782548,-81.849604,False
346,2020-06-21 14:10:34,5152054598359927,"fraud_Welch, Rath and Koepp",kids_pets,3.74,Jim,Johnson,M,868 Brady Mill Apt. 837,Gretna,LA,70056,29.8872,-90.0331,55581,Biomedical scientist,1972-09-12,a44193ecbd53723a00deef6ebda91236,1371823834,29.707019,-90.734662,False
292,2020-06-21 13:54:44,501899453424,"fraud_McDermott, Osinski and Morar",home,189.72,Jessica,Dominguez,F,06393 Nancy Parkways Suite 855,Gadsden,AL,35903,33.9845,-85.9077,67082,Ceramics designer,1970-01-08,dc4b2a6aa03837f0b820992e456addc0,1371822884,33.786513,-85.66205699999999,False
442,2020-06-21 14:44:27,36890292963032,fraud_Hoppe-Parisian,kids_pets,82.25,Kimberly,Webb,F,380 Martin Mission,Girard,GA,30426,33.0437,-81.7106,1100,"Conservator, museum/gallery",1950-04-05,2405c5025e73d2e8fe8dd2caf8808f99,1371825867,32.496697,-82.212838,False
295,2020-06-21 13:55:58,639046421587,"fraud_Dare, Fritsch and Zboncak",travel,154.56,Dylan,Bonilla,M,2497 John Motorway Suite 922,Leetsdale,PA,15056,40.5662,-80.2099,1140,"Administrator, education",1986-06-20,273e39b58206c9b9fa7d8e73fb3b6821,1371822958,41.225848,-79.963819,False
400,2020-06-21 14:28:19,4294040533480516,fraud_Rau-Robel,kids_pets,11.26,Gail,Weaver,F,979 Stewart Lake,New Ellenton,SC,29809,33.413000000000004,-81.69,2206,Biomedical scientist,1986-12-31,ff95d98a72d037860cf2b54185a6ef08,1371824899,33.135096000000004,-82.237894,False
251,2020-06-21 13:41:11,4601636330889,"fraud_Hoppe, Harris and Bednar",entertainment,16.18,Mark,Rivera,M,383 Contreras Hills Suite 658,Humble,TX,77338,30.0041,-95.2825,194500,Tax adviser,1990-12-18,4856b2c812307278965c355deccae516,1371822071,29.878219,-94.46177,False
124,2020-06-21 12:53:58,3533177016567295,fraud_Gaylord-Powlowski,misc_net,161.6,Derek,Bentley,M,782 Lee Crossing Apt. 209,Weeping Water,NE,68463,40.8731,-96.1528,1517,Dealer,1951-11-08,f6eed8faf9b934c56a52baa4e8cbf7d2,1371819238,41.056503,-96.593249,False
509,2020-06-21 15:06:58,4536996888716062123,"fraud_Larkin, Stracke and Greenfelder",entertainment,19.22,Nathan,Mendoza,M,767 Adam Mill Apt. 115,Espanola,NM,87533,35.9866,-106.0654,18408,Historic buildings inspector/conservation officer,1972-07-18,714216bb67d78b0adfea59b2065a451f,1371827218,35.904748,-105.37847,False
140,2020-06-21 12:58:42,4260128500325,fraud_Kilback Group,food_dining,14.5,Whitney,Gallagher,F,0374 Courtney Islands Apt. 400,Deane,KY,41812,37.2409,-82.7696,230,"Conservation officer, historic buildings",1997-08-04,ab7249121f58e23cdfe7073c3e44e751,1371819522,36.578865,-83.087049,False
417,2020-06-21 14:34:39,4897067971111209737,fraud_Pacocha-Bauch,shopping_pos,13.3,Randy,Wood,M,542 Howe Mission Apt. 092,Port Richey,FL,34668,28.3011,-82.6927,42619,Environmental education officer,1975-10-07,5035e9c476f3082848e7152521566b01,1371825279,27.352228000000004,-81.706377,False
429,2020-06-21 14:38:24,4764202053279782,fraud_Denesik and Sons,shopping_pos,6.34,Derek,Jones,M,198 Candace Plaza,Diamond,OH,44412,41.0935,-81.0425,2644,Air cabin crew,1981-01-06,4edadec5727b1ddaa644925f1bd66ef5,1371825504,40.859421000000005,-80.528177,False
305,2020-06-21 13:57:44,4170689372027579,"fraud_Prosacco, Kreiger and Kovacek",home,74.06,Samuel,Frey,M,830 Myers Plaza Apt. 384,Edmond,OK,73034,35.6665,-97.4798,116001,Media buyer,1993-05-10,cd7fa3ab9703ee30e304bcb95113bc38,1371823064,36.29899,-97.777697,False
320,2020-06-21 14:02:27,4951647200979051,fraud_Kutch-Wilderman,home,37.52,Kimberly,Miller,F,75533 Tamara Valleys,Logan,IL,62856,37.9943,-88.9417,324,"Scientist, research (physical sciences)",1976-06-15,e364cbb43064585db6fef8adad798ae3,1371823347,38.621529,-88.33893,False
373,2020-06-21 14:19:39,6593250708747804,fraud_Schulist Ltd,food_dining,63.7,Melissa,Meza,F,244 Abbott Parkway,Loxahatchee,FL,33470,26.7383,-80.27600000000001,26551,Paramedic,1977-01-04,7a2d7ffade2ede172554db004715d19a,1371824379,26.187620000000003,-79.409951,False
282,2020-06-21 13:50:07,3596217206093829,fraud_Schmidt-Larkin,home,168.42,Sara,Ramirez,F,23843 Scott Island,Birmingham,IA,52535,40.8626,-91.9534,888,Camera operator,1988-03-25,296bae4bf264c40d12421d0f733e3a89,1371822607,40.120207,-92.491269,False
301,2020-06-21 13:56:54,4355790796238264643,fraud_Bode-Schuster,kids_pets,103.86,Tanner,Davis,M,2632 Stevens Light Apt. 213,Payson,IL,62360,39.8153,-91.2627,1656,Exhibition designer,1969-08-04,9e0eb5c4ef1cc2be861234646dd13d8d,1371823014,39.50161,-92.128369,False
98,2020-06-21 12:44:29,374930071163758,fraud_Klein Group,home,13.96,Daniel,Escobar,M,61390 Hayes Port,Romulus,MI,48174,42.2203,-83.3583,31515,Police officer,1971-11-05,ace32c67fb8d3d030fdddad4649c9dae,1371818669,42.964421,-83.670351,False
54,2020-06-21 12:31:19,4116554952971686,"fraud_Denesik, Powlowski and Pouros",home,9.75,Bridget,Bowen,F,49120 Regina Island Apt. 170,Port Saint Lucie,FL,34953,27.2625,-80.3793,181438,Primary school teacher,1934-03-19,a2204915943d2fbb1f700042240502b0,1371817879,26.708918,-79.679105,False
264,2020-06-21 13:44:59,180048185037117,fraud_Bode-Schuster,entertainment,115.06,Mary,Wall,F,2481 Mills Lock,Plainfield,NJ,7060,40.6152,-74.415,71485,Leisure centre manager,1974-07-19,952f5a9c127ccc976b093b77a7ccfa7d,1371822299,41.227795,-74.698639,False
237,2020-06-21 13:34:39,4599285557366057,fraud_Spencer-Runolfsson,misc_pos,70.9,Mary,Williams,F,00315 Ashley Valleys,Burrton,KS,67020,38.0261,-97.6666,1689,Gaffer,1997-11-18,a802a3a360fb94579b6017a3c79ffa67,1371821679,38.730568,-98.102164,False
415,2020-06-21 14:34:25,3546674063249004,"fraud_Witting, Beer and Ernser",entertainment,74.44,Jordan,May,M,1626 Susan Course,Aledo,TX,76008,32.7004,-97.6039,13602,Optometrist,1984-07-05,3756d8f16facf141398d2139a31127e1,1371825265,32.511053000000004,-98.404734,False
227,2020-06-21 13:31:01,4836998673805450,fraud_Breitenberg-Hermiston,home,123.7,Susan,Hardy,F,516 Brown Parks,Manistique,MI,49854,46.0062,-86.2555,6469,Trade mark attorney,1979-04-12,3fb395ff025f781ffbb60901eec9b035,1371821461,46.130831,-86.413224,False
440,2020-06-21 14:44:09,4586810168620942,fraud_Keeling-Crist,misc_pos,163.56,Michelle,Gregory,F,6983 Carrillo Isle,Edisto Island,SC,29438,32.5486,-80.307,2408,"Sales professional, IT",1997-07-05,b34cff705875d919a1f32a7ed069c008,1371825849,32.845422,-80.37948399999999,False
163,2020-06-21 13:07:45,4671727014157745,"fraud_Kihn, Brakus and Goyette",personal_care,137.58,Kenneth,Edwards,M,3653 Ryan Crossroad,Andrews,IN,46702,40.8618,-85.6067,2304,Retail banker,1955-07-25,afaa281ba58cf4c3a58b440d6106fb46,1371820065,40.754358,-84.74906999999999,False
24,2020-06-21 12:21:47,372509258176510,"fraud_Watsica, Haag and Considine",shopping_pos,19.74,Kristen,Hanson,F,26544 Andrea Glen,Goodrich,MI,48438,42.9147,-83.4845,6951,Learning disability nurse,1985-06-18,df862b772cfb9ca0d621c259df11a652,1371817307,43.702833,-83.750248,False
229,2020-06-21 13:31:29,30029052116970,"fraud_Feil, Hilpert and Koss",food_dining,21.24,Curtis,Young,M,4319 Watson Shoals Suite 658,Falconer,NY,14733,42.1239,-79.1895,3833,Metallurgist,1970-10-09,09a186e8f968253f4f2dc1093e359f56,1371821489,41.428817,-78.79118199999999,False
31,2020-06-21 12:26:10,180048185037117,fraud_Ernser-Feest,home,268.78,Mary,Wall,F,2481 Mills Lock,Plainfield,NJ,7060,40.6152,-74.415,71485,Leisure centre manager,1974-07-19,bc7699cb759a26aa5dd58d4124febf8d,1371817570,40.196876,-74.407686,False
347,2020-06-21 14:10:35,6011399591920186,"fraud_Willms, Kris and Bergnaum",shopping_pos,14.46,Maria,Roy,F,58665 Nicholas Ford Suite 348,Sheffield,MA,1257,42.1001,-73.3611,2121,Radio producer,1973-10-14,929a48b6aa32309403e592ec3e04db49,1371823835,41.283019,-73.896097,False
485,2020-06-21 15:01:30,4904681492230012,"fraud_Effertz, Welch and Schowalter",entertainment,124.7,Lisa,Lowe,F,574 David Locks Suite 207,Cottekill,NY,12419,41.8467,-74.1038,722,Comptroller,1990-10-19,dae69107dd096ef0ec9c5d2322dd3d02,1371826890,41.652797,-74.709973,False
498,2020-06-21 15:05:09,4988304376504,fraud_Bahringer Group,shopping_net,192.1,William,Thompson,M,977 Rita Grove Apt. 000,Rock Tavern,NY,12575,41.4575,-74.1659,2258,Building surveyor,1937-03-17,42ecebde5132bfbe924ce88057ec27be,1371827109,41.399449,-73.853894,False
211,2020-06-21 13:25:02,3566875419572867,fraud_Ernser-Lynch,home,72.76,Adam,Mcdonald,M,997 Cameron Meadow Apt. 980,South Hero,VT,5486,44.64,-73.3113,1654,Transport planner,1991-01-31,e2ab3b0597275b25981ebc0dbf150393,1371821102,44.317805,-72.821074,False
491,2020-06-21 15:02:40,4862293128558,fraud_Ankunding-Carroll,travel,8.72,Elizabeth,Payne,F,897 Daugherty Mission,Grassflat,PA,16839,41.0036,-78.1104,489,Pension scheme manager,1956-09-15,4a2301a36c1f4aa8878a470e18829e5f,1371826960,41.637348,-78.275198,False
323,2020-06-21 14:03:32,4400011257587661852,fraud_Gerhold LLC,entertainment,40.02,Marissa,Powell,F,474 Allen Haven,North Loup,NE,68859,41.4972,-98.7858,509,"Nurse, children's",1980-09-15,f07460e75ecafe875a05a9875e2508c0,1371823412,41.806883,-97.790157,False
392,2020-06-21 14:26:08,4102003771126577611,fraud_Lesch Ltd,shopping_pos,15.36,William,Fitzgerald,M,715 Courtney Pike Suite 932,Keller,TX,76248,32.9276,-97.2489,95035,Probation officer,1987-06-13,991823f1bffa8349223750fb1eabd1c7,1371824768,31.963209000000003,-96.904265,False
367,2020-06-21 14:18:16,3534093764340240,"fraud_Dare, Fritsch and Zboncak",entertainment,36.86,Jeremy,White,M,9443 Cynthia Court Apt. 038,Boulder,MT,59632,46.2306,-112.1138,1939,Patent attorney,1967-01-12,f117a0739374e0f3206621db5418d210,1371824296,46.075538,-111.565447,False
499,2020-06-21 15:05:12,2248735346244816,"fraud_Gutmann, McLaughlin and Wiza",entertainment,26.72,Jacob,Weber,M,29156 Mark Park Apt. 108,Utica,KS,67584,38.6411,-100.138,269,Product/process development scientist,1962-11-11,26eba26e748d236f9ae9212d13a49432,1371827112,38.770019,-99.82933,False
487,2020-06-21 15:01:45,4561546772499,fraud_Kassulke Inc,personal_care,26.92,Daniel,Briggs,M,7118 Jessica Unions Apt. 789,Moriarty,NM,87035,34.9889,-106.0609,7268,"Therapist, art",1988-08-04,d7f39f5f51f498218d8c625afe37c966,1371826905,35.492449,-105.688423,False
428,2020-06-21 14:38:09,38530489946071,fraud_Metz-Boehm,entertainment,3763.06,Laura,Johns,F,95835 Garcia Rue,Arcadia,SC,29320,34.9572,-81.9916,530,Animal technologist,1989-05-14,4c4841f79d838ed6fe2c9a0f23bfbc50,1371825489,34.709044,-82.585103,False
480,2020-06-21 14:59:06,213178765398315,fraud_Wiza LLC,travel,711.48,Alan,Colon,M,748 Bryan Fields Suite 935,Riverton,WY,82501,43.0351,-108.2024,19408,"Lecturer, higher education",1993-09-11,88128c4d3ec19f0cf3459853cb7a6319,1371826746,42.280586,-108.411593,False
397,2020-06-21 14:27:13,6011679934075347,fraud_Klein Group,entertainment,65.02,Jennifer,Gonzalez,F,5517 Stacy Land,Jelm,WY,82063,41.0539,-106.0763,100,Public librarian,1974-04-16,550915f6467715839e3c06f2dd02ecba,1371824833,40.653739,-106.907932,False
273,2020-06-21 13:47:20,376944481517097,"fraud_Crist, Jakubowski and Littel",home,111.9,Tiffany,Stephens,F,1447 Ryan Lodge,Grand Bay,AL,36541,30.4983,-88.3282,15647,"Scientist, physiological",1957-12-26,11657e0d873126a170dcc95bd900b385,1371822440,30.232319,-87.60512,False
374,2020-06-21 14:20:56,4378993458389626,fraud_Kihn-Fritsch,food_dining,15.92,Travis,Hayes,M,1561 Chase Grove,Conway,NH,3818,43.9742,-71.1503,3807,Surgeon,1999-10-25,663c8c58b9c5d647853f6b0da7eb80db,1371824456,43.698867,-70.771326,False
471,2020-06-21 14:56:26,348379466427142,"fraud_Lubowitz, Terry and Stracke",personal_care,176.6,Michael,Rowe,M,7428 Martinez Flats,Melbourne,FL,32935,28.1384,-80.6524,139650,Database administrator,1957-01-23,872532529b83689b468fe439cc5a98c6,1371826586,28.635917,-79.70401899999999,False
500,2020-06-21 15:05:52,180017442990269,fraud_Bahringer Group,health_fitness,23.34,Michelle,Anderson,F,28311 Dennis Trace,Albany,NY,12222,42.6853,-73.8253,151022,"Designer, textile",1939-06-01,a2144256486802ca3618003966381467,1371827152,41.688206,-73.931599,False
147,2020-06-21 13:01:16,4653879239169997,fraud_Nader-Heller,misc_net,14.02,Monica,Tucker,F,302 Christina Islands,Smiths Grove,KY,42171,37.0581,-86.1938,6841,"Therapist, sports",1999-06-06,d538564d5f10e27d085d28a729d2d712,1371819676,37.330453000000006,-86.371893,False
69,2020-06-21 12:35:55,4653879239169997,fraud_Bauch-Blanda,travel,259.16,Monica,Tucker,F,302 Christina Islands,Smiths Grove,KY,42171,37.0581,-86.1938,6841,"Therapist, sports",1999-06-06,8ec457ccddf3114213845f9d8ea1759c,1371818155,36.192355,-85.869963,False
435,2020-06-21 14:42:45,583699482621,fraud_Schoen Ltd,kids_pets,103.09,Jennifer,Jones,F,5572 Kelly Plains Apt. 952,Waupaca,WI,54981,44.3481,-89.1101,15426,"Engineer, civil (contracting)",1936-07-22,bbfc53a8e215e4d7876ccbe83510ce6e,1371825765,44.411489,-89.32639499999999,False
11,2020-06-21 12:16:47,571465035400,fraud_Gottlieb Group,kids_pets,84.8,Louis,Fisher,M,45654 Hess Rest,Fort Washakie,WY,82514,43.0048,-108.8964,1645,Freight forwarder,1976-02-26,fa3071565d94fb286cb0ed398c6d61d3,1371817007,42.687774,-108.670054,False
433,2020-06-21 14:42:05,30428204673351,fraud_Nolan-Williamson,kids_pets,108.3,Greg,Villarreal,M,2851 Foster Shoals,Schaefferstown,PA,17088,40.3087,-76.2963,823,Gaffer,1982-07-02,26d9f09029bed36b06f8bf8dc35245e6,1371825725,39.735693,-76.62979,False
366,2020-06-21 14:17:35,2266735643685262,"fraud_Nienow, Barrows and Romaguera",personal_care,6.44,Carlos,Chung,M,8957 Russell Key,Grant,AL,35747,34.4959,-86.259,5901,Curator,1972-07-25,f6f4ed93c5e37b75354440f4480c6598,1371824255,34.818461,-86.398764,False
203,2020-06-21 13:22:14,3533742182628021,fraud_Kilback and Sons,entertainment,98.98,Robert,Haynes,M,857 Aaron Circles Suite 398,Johns Island,SC,29455,32.8357,-79.8217,20478,Materials engineer,1997-06-04,d9547259366164a884a5ca6ec23a5764,1371820934,32.932743,-80.714156,False
260,2020-06-21 13:43:42,3589255887819806,fraud_Goldner-Lemke,entertainment,29.7,David,Miller,M,622 Bradley Knoll Apt. 758,Hancock,MD,21750,39.6991,-78.1762,3766,Press photographer,1984-02-14,aa346893d8638c22c6becaedd0d213c6,1371822222,40.205391,-78.910845,False
213,2020-06-21 13:25:44,2305336922781618,fraud_Dare-Marvin,entertainment,44.96,Jeffrey,Rice,M,21447 Powell Circle,Moulton,IA,52572,40.6866,-92.6833,1132,Probation officer,1961-02-14,023848771c536772ae015a0d6bc9a169,1371821144,40.649456,-91.853059,False
473,2020-06-21 14:57:19,4561892980175,fraud_Cartwright PLC,kids_pets,188.4,Jacqueline,Allen,F,166 Lisa Fords,Greenwood,IN,46143,39.596,-86.1309,78968,Financial adviser,1968-02-10,3e7b542501c179218147650048d4971f,1371826639,39.294812,-86.28913399999999,False
353,2020-06-21 14:13:15,180058696935600,"fraud_Bradtke, Torp and Bahringer",entertainment,62.17,Richard,Barnes,M,1339 Johnson Landing Suite 007,De Lancey,NY,13752,42.18899999999999,-74.9229,782,Chartered accountant,2000-08-28,74ee25d38004654854f6cd152122a244,1371823995,41.784549,-75.770698,False
379,2020-06-21 14:22:27,374497717543058,"fraud_Prosacco, Kreiger and Kovacek",home,88.38,Linda,Hurst,F,31701 Tucker Square Suite 893,Wilton,ND,58579,47.1709,-100.7944,1190,"Designer, ceramics/pottery",1948-06-30,468abd0fb607dc44429071b8b3e267ea,1371824547,47.416332,-100.568328,False
133,2020-06-21 12:55:19,4683638447911,fraud_Gislason Group,travel,558.03,Daniel,Boyd,M,8925 Nicholas Points,Egan,LA,70531,30.251,-92.5002,1261,Broadcast presenter,1972-07-01,95427dcec71aa88ad39bf523084d1bca,1371819319,30.87087,-92.873036,False
186,2020-06-21 13:16:41,4492491748959010,"fraud_Schiller, Blanda and Johnson",entertainment,80.71,Jonathan,Byrd,M,5554 Mack Meadows,Premier,WV,24878,37.3752,-81.6539,337,Advice worker,1986-10-17,86891e13759b4ddf02d7236ea1ef305e,1371820601,38.08284,-81.85136700000001,False
476,2020-06-21 14:58:31,3567879740649740,fraud_Ratke and Sons,shopping_pos,14.89,Tanya,Williams,F,566 Megan Well,Brownville,NY,13615,44.0577,-76.0196,1271,"Producer, radio",1958-08-14,fd75fcbc0d725eb7578e36d052551995,1371826711,44.068256,-76.909719,False
201,2020-06-21 13:21:49,4640395708703,"fraud_Runte, Green and Emard",shopping_net,227.06,Melissa,Krause,F,67632 Martin Gateway,Fordoche,LA,70732,30.6576,-91.6264,1178,Community education officer,1951-06-13,2d1d5f9680c397474923180661f85978,1371820909,30.990542,-92.331269,False
207,2020-06-21 13:23:07,6554245334757802,fraud_Renner Ltd,home,70.59,Monique,Robinson,F,07712 Marcus Divide Apt. 831,Laguna Hills,CA,92637,33.615,-117.7114,45303,Sales executive,1969-12-22,71cd800d867bf4cde3ee1cdef26b2f07,1371820987,33.838915,-118.103495,False
84,2020-06-21 12:39:56,676275912597,"fraud_Lakin, Ferry and Beatty",food_dining,120.14,Edward,Hensley,M,24318 Dixon Mills,Elk Rapids,MI,49629,44.8955,-85.4082,2223,Chief Financial Officer,1986-01-18,42d03a3e38f7c5aa63cb51a56266e771,1371818396,45.877554,-85.362472,False
82,2020-06-21 12:39:49,371985236239474,fraud_Bartoletti and Sons,health_fitness,43.14,Benjamin,Martin,M,0495 Baker Manors,Oriskany Falls,NY,13425,42.9576,-75.4838,1970,"Programmer, multimedia",1949-06-09,3c01079627483229758e02ea10811e72,1371818389,42.541989,-75.057743,False
205,2020-06-21 13:22:37,378278619832195,"fraud_Conroy, Balistreri and Gorczany",health_fitness,25.32,Mary,Mcintyre,F,77921 Costa Villages,Eugene,OR,97403,44.0385,-123.0614,191096,"Scientist, physiological",1964-04-06,497240430e49d2312f7dc965976af334,1371820957,44.158389,-122.847567,False
77,2020-06-21 12:39:10,3583793405872580,"fraud_Douglas, Schneider and Turner",kids_pets,8.8,Beth,Lambert,F,6447 Johnson Estates Apt. 986,Roosevelt,OK,73564,34.847,-98.9836,551,Amenity horticulturist,1970-09-27,67d795902f1bdaf4d042abfaa2e37496,1371818350,34.858369,-98.135879,False
95,2020-06-21 12:43:14,6011438889172900,fraud_Pouros-Haag,shopping_pos,74.28,Allison,Allen,F,40624 Rebecca Spurs,De Witt,AR,72042,34.2853,-91.3336,5161,Electrical engineer,1993-04-08,80c507e5c3aba4a8602e46b842f128af,1371818594,35.026522,-90.444442,False
246,2020-06-21 13:36:53,4956828990005111019,fraud_Eichmann-Kilback,home,213.72,Kenneth,Robinson,M,269 Sanchez Rapids,Elizabeth,NJ,7208,40.6747,-74.2239,124967,Operational researcher,1980-12-21,a8d68a00ff86f0e294769e46529bbb8f,1371821813,40.161309,-74.231936,False
383,2020-06-21 14:24:45,4173950183554608,fraud_Macejkovic-Lesch,shopping_pos,14.92,Stephen,Marshall,M,47144 Roberts Keys,Monmouth Beach,NJ,7750,40.333,-73.9809,3279,Health promotion specialist,1978-10-05,f5e3a8a657281fdab66366dfa306cce7,1371824685,40.505388,-73.61469100000001,False
465,2020-06-21 14:55:09,630451534402,fraud_Hickle Group,shopping_pos,17.02,Rachel,Daniels,F,561 Little Plain Apt. 738,Wetmore,MI,49895,46.3535,-86.6345,765,Immunologist,1972-06-12,92c074755735ddceefb5945b91b7e668,1371826509,47.135979,-86.412023,False
148,2020-06-21 13:01:29,6593250708747804,fraud_Auer-West,misc_net,32.82,Melissa,Meza,F,244 Abbott Parkway,Loxahatchee,FL,33470,26.7383,-80.27600000000001,26551,Paramedic,1977-01-04,29e429a9aa6b648608808cf528acce73,1371819689,27.229740000000003,-79.85481899999999,False
68,2020-06-21 12:34:35,4710826438164847414,"fraud_Wuckert, Wintheiser and Friesen",home,61.44,Juan,Henry,M,9795 Lori Island Suite 346,Turner,MT,59542,48.8328,-108.3961,192,Further education lecturer,1964-01-04,18aeb4f97adbab1170c6c1b60b82c228,1371818075,48.456992,-107.518067,False
167,2020-06-21 13:08:46,6011109736646996,fraud_Schumm PLC,shopping_pos,1199.45,Rebecca,Erickson,F,594 Berry Lights Apt. 392,Wilmington,NC,28405,34.2651,-77.867,186140,English as a second language teacher,1983-02-08,249ecb7b44d6d42a8eb155833fe23c53,1371820126,34.622777,-77.827863,False
408,2020-06-21 14:31:31,4646845581490336108,fraud_Howe PLC,entertainment,216.3,Julia,Bell,F,576 House Crossroad,West Sayville,NY,11796,40.732,-73.1,4056,Film/video editor,1990-06-25,2f2d493c134cbc0ef4221b2627117a2c,1371825091,40.832063,-72.356489,False
249,2020-06-21 13:39:27,30273037698427,fraud_Medhurst PLC,shopping_net,68.22,Andrew,Patterson,M,06959 Stephen Branch Suite 246,Thida,AR,72165,35.5762,-91.4539,111,Careers information officer,2000-06-13,971adb58ea4add884f030ffffef16cfe,1371821967,36.526588,-92.354156,False
333,2020-06-21 14:06:56,30343344410970,fraud_Heller PLC,health_fitness,12.62,Jacob,Dawson,M,663 Anna Plaza,Marienville,PA,16239,41.4622,-79.1306,4172,"Copywriter, advertising",1962-03-20,3a053f5fabd3ac4fcdadccd871a4c502,1371823616,41.87703,-79.44346,False
181,2020-06-21 13:15:40,4063094974360571498,"fraud_Hauck, Dietrich and Funk",entertainment,141.08,Patricia,Mendoza,F,1683 Davidson Freeway,Mendon,UT,84325,41.71,-111.9817,2078,"Scientist, audiological",1963-06-13,f446cd7512da7d551e93c5039313f5c5,1371820540,42.491626,-112.511975,False
74,2020-06-21 12:38:04,30234966027947,"fraud_Schneider, Hayes and Nikolaus",food_dining,30.98,Matthew,Lambert,M,7188 Melissa Crest Apt. 151,New Holstein,WI,53061,43.9446,-88.0911,5196,Child psychotherapist,1978-01-22,17e947f7909a4423a22a41e9fe912281,1371818284,43.52303,-88.132231,False
20,2020-06-21 12:20:34,2283743876903625,fraud_Corwin-Romaguera,travel,17.06,Shannon,Williams,F,9345 Spencer Junctions Suite 183,Alpharetta,GA,30009,34.077,-84.3033,165556,Prison officer,1997-12-27,1650f4f052cc85af7bd417fa17d59ac5,1371817234,33.195225,-84.11908299999999,False
47,2020-06-21 12:29:36,4110266553600176127,"fraud_Yost, Schamberger and Windler",travel,62.38,Sandra,Schwartz,F,3789 Mark Walks,Sunflower,MS,38778,33.5567,-90.5451,1686,"Education officer, community",1986-11-06,e7b73a4e22392a7800afdca8c230878f,1371817776,33.693106,-89.59474399999999,False
192,2020-06-21 13:18:52,3575540972310993,fraud_Kihn Inc,shopping_pos,18.3,Rachel,Villarreal,F,250 Carrie Throughway,University,MS,38677,34.3396,-89.5736,4198,Curator,2001-06-22,925ac4268c05cdddde79f97574621117,1371820732,34.050515000000004,-89.005628,False
59,2020-06-21 12:32:39,2296006538441789,"fraud_Ruecker, Beer and Collier",shopping_net,18.46,Judy,Hogan,F,4970 Michelle Burgs,Brooklyn,NY,11217,40.6816,-73.9798,2504700,Medical sales representative,1999-09-01,6c2b797c1729405a26268c665c4e5c8d,1371817959,41.49385,-74.258146,False
175,2020-06-21 13:12:03,2285066385084291,fraud_Towne LLC,travel,6.54,Richard,Brown,M,17819 Jose Mount Suite 657,Heidelberg,MS,39439,31.882,-88.9981,4573,"Exhibitions officer, museum/gallery",1988-02-15,3e07083b31a9f4ec8572c8bdf404aa45,1371820323,30.913891,-89.899434,False
214,2020-06-21 13:26:39,3523843138706408,fraud_Gleason and Sons,kids_pets,129.92,Grace,Williams,F,28812 Charles Mill Apt. 628,Plantersville,AL,36758,32.6176,-86.9475,1412,Drilling engineer,1970-11-20,1a34bb788177bf24b3159bb4c08e9177,1371821199,32.695932,-85.96623699999999,False
6,2020-06-21 12:15:44,213180742685905,fraud_Romaguera Ltd,health_fitness,267.86,Kayla,Sutton,F,010 Weaver Land,Carlotta,CA,95528,40.507,-123.9743,1139,"Therapist, occupational",1951-01-15,17003d7ce534440eadb10c4750e020e5,1371816944,41.499458,-124.888729,False
99,2020-06-21 12:45:23,4500002361389,fraud_Quitzon-Goyette,home,31.88,Joseph,Nixon,M,86882 Desiree Camp Suite 047,Tyaskin,MD,21865,38.2833,-75.8465,470,Music tutor,1965-04-07,b0dc912812fad96b08bef19985b47c97,1371818723,38.215956,-75.272334,False
449,2020-06-21 14:46:00,6506116513503136,"fraud_Cronin, Kshlerin and Weber",health_fitness,108.44,Kimberly,Rice,F,63991 Destiny Rue Apt. 651,Tyler,TX,75703,32.2768,-95.3031,144160,Sports development officer,1984-05-04,f19985d01173d5656cefef822ad7c6d8,1371825960,32.904611,-95.369637,False
338,2020-06-21 14:08:08,4512828414983801773,"fraud_Mueller, Gerhold and Mueller",health_fitness,13.16,Monica,Cohen,F,864 Reynolds Plains,Uledi,PA,15484,39.8936,-79.7856,328,Tree surgeon,1983-07-25,f30d7ed649f7c532c377b8ff38ff68b3,1371823688,39.426242,-80.030474,False
470,2020-06-21 14:55:54,2712209726293386,fraud_Kling-Ernser,entertainment,167.02,Jenna,Brooks,F,50872 Alex Plain Suite 088,Baton Rouge,LA,70808,30.4066,-91.1468,378909,"Designer, furniture",1977-02-22,fb6915d0b077146d690f4c7a33be7fec,1371826554,30.63821,-91.497515,False
86,2020-06-21 12:40:33,6011197122270059,"fraud_Terry, Johns and Bins",misc_pos,4.02,Vincent,Ward,M,06730 Joshua Isle Suite 555,North Brookfield,MA,1535,42.2665,-72.0821,4680,Field seismologist,1986-04-03,8a358086076dd14ded0409aa035d2e6f,1371818433,42.127625,-71.635136,False
384,2020-06-21 14:24:48,568279015842,"fraud_Graham, Hegmann and Hammes",food_dining,58.67,Micheal,Hernandez,M,6139 Mark Rapid Apt. 651,Christine,ND,58015,46.5522,-96.7909,291,Television floor manager,1991-05-01,1a3358e042de4a95383c231772925c73,1371824688,45.917921,-96.982872,False
221,2020-06-21 13:29:22,30234966027947,fraud_Padberg-Sauer,health_fitness,163.14,Matthew,Lambert,M,7188 Melissa Crest Apt. 151,New Holstein,WI,53061,43.9446,-88.0911,5196,Child psychotherapist,1978-01-22,6230daff2a5164c8f30d9bfc60457896,1371821362,44.383358,-88.749658,False
298,2020-06-21 13:56:10,4956828990005111019,fraud_Hills-Boyer,food_dining,25.5,Kenneth,Robinson,M,269 Sanchez Rapids,Elizabeth,NJ,7208,40.6747,-74.2239,124967,Operational researcher,1980-12-21,f39088646ca3e5287acb8f104bf52032,1371822970,41.138383000000005,-74.355987,False
252,2020-06-21 13:41:17,4708992452821239,fraud_Hammes-Beatty,kids_pets,20.89,Jared,Walters,M,3326 Hannah Fords,Cord,AR,72524,35.8184,-91.3375,376,"Designer, ceramics/pottery",1938-09-08,6eb47a632e9e5b18c83586d832ec616f,1371822077,35.945426,-92.221833,False
419,2020-06-21 14:34:48,3564839259330465,fraud_Johns Inc,entertainment,78.84,Robert,Ashley,M,1250 Christopher Prairie Suite 016,Port Costa,CA,94569,38.046,-122.1866,198,Armed forces training and education officer,1959-03-31,5a1c01de54af181764c6b4d68b029a32,1371825288,39.04377,-121.591377,False
8,2020-06-21 12:16:10,3596357274378601,"fraud_Goyette, Howell and Collier",shopping_pos,8.74,David,Everett,M,4138 David Fall,Morrisdale,PA,16858,41.0001,-78.2357,3688,Advice worker,1973-05-27,71a1da150d1ce510193d7622e08e784e,1371816970,41.546067,-78.120238,False
7,2020-06-21 12:15:50,3589289942931264,fraud_Reichel LLC,personal_care,20.74,Paula,Estrada,F,350 Stacy Glens,Spencer,SD,57374,43.7557,-97.5936,343,"Development worker, international aid",1972-03-05,8be473af4f05fc6146ea55ace73e7ca2,1371816950,44.495498,-97.728453,False
172,2020-06-21 13:10:12,2296006538441789,fraud_Ankunding LLC,shopping_net,9.48,Judy,Hogan,F,4970 Michelle Burgs,Brooklyn,NY,11217,40.6816,-73.9798,2504700,Medical sales representative,1999-09-01,e1766317e6eb58ae76cdc01a47c63584,1371820212,41.054447,-73.39703399999999,False
112,2020-06-21 12:48:14,4587657402165341815,"fraud_Prosacco, Kreiger and Kovacek",entertainment,52.06,Amber,Lewis,F,6296 John Keys Suite 858,Pembroke Township,IL,60958,41.0646,-87.5917,2135,"Psychotherapist, child",2004-05-08,bfcb7bca0abb957f3bb3aedf0c53a448,1371818894,42.013548,-88.03902099999999,False
110,2020-06-21 12:47:48,4681699462969,"fraud_Nienow, Ankunding and Collier",entertainment,5.08,Joseph,Gonzalez,M,319 Wendy Fort Suite 179,Murfreesboro,TN,37132,35.8596,-86.421,158701,"Journalist, newspaper",1978-03-06,87e1122fde1f3bd876a983771001e1a0,1371818868,36.333062,-86.08699200000001,False
103,2020-06-21 12:46:23,6011652924285713,"fraud_Lakin, Ferry and Beatty",entertainment,4.24,Kathryn,Smith,F,19838 Tonya Prairie Apt. 947,Rocky Mount,MO,65072,38.2911,-92.7059,1847,Tax inspector,1988-10-26,7c1fc4677c2c3c98b2fa39e7417bb09c,1371818783,38.40991,-92.002267,False
413,2020-06-21 14:33:16,344709867813900,fraud_Williamson LLC,misc_net,82.14,Joanna,Hudson,F,2924 Bobby Trafficway,Sebring,FL,33872,27.4703,-81.4872,50835,Environmental consultant,1986-01-30,3333ee10b2f8627d42f926e02cbaf3b4,1371825196,26.685826,-81.34649399999999,False
137,2020-06-21 12:57:52,348789608637806,fraud_Lubowitz-Walter,kids_pets,99.54,Megan,Murphy,F,53696 Laura Radial,Holstein,NE,68950,40.4542,-98.6538,331,Telecommunications researcher,1950-08-19,afdf2f92eb150d6b7bc274ee6ee1d378,1371819472,39.723854,-98.16341,False
314,2020-06-21 14:00:53,4957924165498,fraud_Bartoletti and Sons,personal_care,209.38,Alan,Parsons,M,0547 Russell Ford Suite 574,Kirk,CO,80824,39.6171,-102.4776,207,Network engineer,1955-12-04,f8b8c7536258e7e34d3e4431946f9181,1371823253,38.848145,-102.120476,False
75,2020-06-21 12:38:05,180042946491150,"fraud_Greenholt, O'Hara and Balistreri",health_fitness,9.88,Charles,Robles,M,3337 Lisa Divide,Saint Petersburg,FL,33710,27.7898,-82.7243,341043,"Engineer, land",1989-02-28,7402f469a73cf016d793d3111306017b,1371818285,28.669762,-82.456744,False
309,2020-06-21 13:59:12,348253506557335,fraud_Lubowitz-Walter,entertainment,168.34,Thomas,Gibson,M,32745 Silva Springs Suite 040,Grand Bay,AL,36541,30.4983,-88.3282,15647,Armed forces logistics/support/administrative officer,1948-03-22,5e0db46452a842497a380779c59a1e00,1371823152,29.97558,-87.69089100000001,False
434,2020-06-21 14:42:36,4736845434667908128,fraud_Crona and Sons,kids_pets,207.08,Toni,Gomez,F,062 Carl Dam,Altona,NY,12910,44.8816,-73.6408,2148,"Surveyor, land/geomatics",1953-05-23,a73b532566688d52d443b6e511066443,1371825756,44.474407,-74.63523599999999,False
242,2020-06-21 13:35:18,30551643947183,fraud_Zboncak LLC,food_dining,153.66,Morgan,Smith,F,1441 Bradley Place,Grover,NC,28073,35.1836,-81.4552,5621,Toxicologist,1973-11-14,14df01f107a78bcc7999c9f5add9f648,1371821718,36.136522,-80.58965699999999,False
173,2020-06-21 13:10:51,4861310130652566408,fraud_Schoen-Quigley,entertainment,170.78,Ashley,Cruz,F,65417 Walsh Radial Suite 691,Saint Amant,LA,70774,30.2385,-90.8435,10076,"Surveyor, rural practice",1977-12-16,a8480e70abddf42a38235d99bead2e94,1371820251,30.294573,-91.095702,False
151,2020-06-21 13:01:59,4710826438164847414,"fraud_O'Connell, Botsford and Hand",home,127.84,Juan,Henry,M,9795 Lori Island Suite 346,Turner,MT,59542,48.8328,-108.3961,192,Further education lecturer,1964-01-04,8f5909f09ba243baf2e2a7fe35b04d62,1371819719,48.593996,-109.34163999999998,False
450,2020-06-21 14:46:25,180049032966888,"fraud_Feil, Hilpert and Koss",food_dining,105.98,Michael,Flores,M,70761 Fitzpatrick Brooks Suite 631,Saxon,WI,54559,46.4959,-90.4383,795,Television/film/video producer,1986-04-15,f2b96ab01d3a9230b467a0c776c09da4,1371825985,46.038642,-89.551902,False
153,2020-06-21 13:03:11,3517814635263522,fraud_Bode-Schuster,kids_pets,98.14,William,Cannon,M,43809 Kenneth Circles Suite 152,Union,WV,24983,37.5802,-80.5248,2443,Chartered public finance accountant,1941-10-16,1b3c6309a57bf4c278909a3e443a69be,1371819791,37.234253,-80.919841,False
78,2020-06-21 12:39:25,3575789281659026,"fraud_Gutmann, McLaughlin and Wiza",home,143.36,Lindsay,Wilson,F,7618 Gonzales Mission,Centerview,MO,64019,38.7897,-93.8702,2368,Electronics engineer,1989-07-17,8caf8fcd904f367427bb0f699b8f7453,1371818365,39.485253,-92.983354,False
424,2020-06-21 14:36:51,371985236239474,fraud_Nolan-Williamson,kids_pets,17.9,Benjamin,Martin,M,0495 Baker Manors,Oriskany Falls,NY,13425,42.9576,-75.4838,1970,"Programmer, multimedia",1949-06-09,0a6e2406f3b2513bbffbf7cf8597a6fd,1371825411,43.791043,-74.816291,False
219,2020-06-21 13:28:00,3564839259330465,fraud_Gleason and Sons,kids_pets,310.56,Robert,Ashley,M,1250 Christopher Prairie Suite 016,Port Costa,CA,94569,38.046,-122.1866,198,Armed forces training and education officer,1959-03-31,3364ace722a47a2e6658407cdaa21223,1371821280,37.087503000000005,-121.194012,False
115,2020-06-21 12:48:57,30199621383748,"fraud_Roob, Conn and Tremblay",shopping_pos,137.02,Theresa,Powell,F,117 Natasha Vista Suite 936,Leonard,TX,75452,33.4044,-96.2238,4090,Sub,1977-03-23,bd5f6bdf511756c4bcd0899b4e7ae167,1371818937,32.852509000000005,-95.443675,False
185,2020-06-21 13:16:07,30118423745458,"fraud_Lehner, Reichert and Mills",health_fitness,4.26,Jared,Velazquez,M,01479 Murray Circle,Matawan,NJ,7747,40.4109,-74.238,30770,Drilling engineer,1993-04-29,30c448bc4d6f4cc7b506c863259aeae3,1371820567,41.326093,-74.999578,False
331,2020-06-21 14:06:18,4302480582202074,"fraud_Schumm, McLaughlin and Carter",food_dining,99.3,David,Rodriguez,M,821 Solis Points,Muskegon,MI,49440,43.2326,-86.2492,128715,Historic buildings inspector/conservation officer,1995-05-25,baeb5a1762c4f420f193afc0d0757642,1371823578,42.85853,-86.58274300000001,False
5,2020-06-21 12:15:37,30407675418785,fraud_Daugherty LLC,kids_pets,39.1,Danielle,Evans,F,76752 David Lodge Apt. 064,Breesport,NY,14816,42.1939,-76.7361,520,Psychotherapist,1991-10-13,798db04aaceb4febd084f1a7c404da93,1371816937,41.747157,-77.584197,False
511,2020-06-21 15:07:17,376012912828093,"fraud_Runte, Green and Emard",health_fitness,168.15,Nathan,Mayer,M,478 Donovan Corners Apt. 803,Schaumburg,IL,60193,42.0144,-88.0935,92294,Claims inspector/assessor,1969-05-01,5ad686cf10c617e443e564926a281829,1371827237,41.911365,-88.177836,False
277,2020-06-21 13:48:14,3568255211412877,"fraud_Hills, Hegmann and Schaefer",kids_pets,9.12,Timothy,Gomez,M,707 Anthony Causeway,Leo,IN,46765,41.2249,-85.0301,5341,Biomedical engineer,1994-11-24,59a9def277b3f4fe6a004a2b0adcb3a5,1371822494,41.157295,-85.219034,False
10,2020-06-21 12:16:20,2242542703101233,"fraud_Feil, Hilpert and Koss",food_dining,7.01,Samuel,Jenkins,M,43235 Mckenzie Views Apt. 837,Westport,KY,40077,38.4921,-85.4524,564,Pensions consultant,1996-04-10,3b8e4d02d9e1a3bf97cf449eb0317f2c,1371816980,38.977546,-84.727994,False
121,2020-06-21 12:51:45,4536996888716062123,fraud_Hamill-D'Amore,health_fitness,22.42,Nathan,Mendoza,M,767 Adam Mill Apt. 115,Espanola,NM,87533,35.9866,-106.0654,18408,Historic buildings inspector/conservation officer,1972-07-18,5cc15d56b7341ea11cc952e4f6289a2b,1371819105,36.955738,-105.798176,False
306,2020-06-21 13:58:33,4302475216404898,fraud_Gulgowski LLC,home,84.88,Daniel,Cain,M,384 Newman Forks Apt. 370,Belmond,IA,50421,42.8511,-93.62,3032,Community pharmacist,1964-08-08,3f12ba8e5e8c27fd4066dd6281bb2e9f,1371823113,43.270338,-93.94015,False
231,2020-06-21 13:31:45,6011367958204270,fraud_Torphy-Kertzmann,health_fitness,39.54,Tammy,Ayers,F,1652 James Mews,Hinckley,OH,44233,41.2419,-81.7453,7646,Medical sales representative,1988-09-15,3792370bd5af9ee1b121aebd8908e539,1371821505,41.052295,-81.209189,False
254,2020-06-21 13:42:14,3520550088202337,fraud_Jast and Sons,kids_pets,13.16,Micheal,Walters,M,15315 Vaughn Park Suite 356,Hovland,MN,55606,47.8342,-90.0476,272,Freight forwarder,2001-07-05,72c7a4854e62ed6c93c37779fd7c1e34,1371822134,47.715413,-90.378726,False
329,2020-06-21 14:05:20,4178097073221156,fraud_Kub-Heaney,entertainment,23.2,Jill,Flores,F,639 Cruz Islands,Baroda,MI,49101,41.9488,-86.4913,3104,"Horticulturist, commercial",1981-03-29,04244ec755a717fb77a88d6c8f875e77,1371823520,41.940846,-86.960874,False
486,2020-06-21 15:01:39,4424338559877976,fraud_Jerde-Hermann,travel,6.68,Denise,Barnett,F,23220 Eaton Harbors,Kirby,OH,43330,40.813,-83.4196,118,Private music teacher,1957-11-12,bc5b562c280e3ea43d5b6124f4ca3d86,1371826899,40.618236,-83.341865,False
510,2020-06-21 15:07:03,4755696071492,fraud_Rau-Robel,food_dining,12.05,Robert,Evans,M,01892 Patricia Vista Apt. 828,Sachse,TX,75048,32.9643,-96.6012,20328,Site engineer,1985-06-20,17704bf1b7bd954249cc360f78592250,1371827223,32.926603,-97.436468,False
113,2020-06-21 12:48:15,6011860238257910,fraud_Schumm PLC,misc_pos,93.62,Lisa,Mendez,F,44259 Beth Station Suite 215,Lahoma,OK,73754,36.385,-98.0727,1078,"Programme researcher, broadcasting/film/video",1952-07-06,d9b78593363eb13e3c9df801ac3eb3cf,1371818895,37.019405,-97.388758,False
114,2020-06-21 12:48:23,3576431665303017,fraud_Berge-Ullrich,home,122.88,Jessica,Ward,F,72269 Elizabeth Field Apt. 132,Phoenix,AZ,85020,33.5623,-112.0559,1312922,Contractor,1981-10-24,8ff1723f3c170304d75667e0b38340a9,1371818903,33.914314000000005,-111.576584,False
326,2020-06-21 14:04:10,6011252220172077,"fraud_McCullough, Hudson and Schuster",food_dining,10.44,Melvin,Wright,M,210 Dean Causeway Suite 130,Alton,IA,51003,42.9782,-96.0173,1700,"Engineer, land",2001-12-19,fb5e9f0df40d4fbc973fbd912ba1bfe3,1371823450,43.393371,-95.540635,False
370,2020-06-21 14:19:24,4292743669224718067,fraud_Altenwerth-Kilback,home,125.06,Michael,Williams,M,35822 Clayton Street Apt. 679,Great Mills,MD,20634,38.2674,-76.4954,5927,Art therapist,1973-06-09,adbba191c62527d45693f9bb6ae8b3bf,1371824364,37.670632,-75.55187600000001,False
50,2020-06-21 12:30:19,6011934240159560,fraud_Champlin and Sons,home,161.0,Joshua,Cohen,M,426 Mark Ports,Brooklin,ME,4616,44.2541,-68.5565,824,"Loss adjuster, chartered",1974-11-02,c64caafcb8aaa4608fdba9f1ab53cbcc,1371817819,44.95902,-69.150254,False
202,2020-06-21 13:21:57,3586008444788268,fraud_Feil-Morar,entertainment,88.22,Crystal,Fuller,F,000 Jennifer Mills,Issaquah,WA,98027,47.4974,-122.0107,50489,Osteopath,1984-02-29,9ff38367441a692eeae413805a128ea5,1371820917,47.008606,-122.947605,False
164,2020-06-21 13:07:55,6011104316292105,fraud_Medhurst PLC,shopping_net,236.42,Valerie,Davis,F,3861 Anderson Ramp Apt. 536,Drakes Branch,VA,23937,36.9688,-78.5615,1970,Energy engineer,1985-09-02,0a4e8eb858470184696ba2026a105361,1371820075,36.46674,-78.785534,False
2,2020-06-21 12:14:53,3598215285024754,"fraud_Swaniawski, Nitzsche and Welch",health_fitness,41.28,Ashley,Lopez,F,9333 Valentine Point,Bellmore,NY,11710,40.6729,-73.5365,34496,"Librarian, public",1970-10-21,c81755dbbbea9d5c77f094348a7579be,1371816893,40.49581,-74.196111,False
136,2020-06-21 12:57:44,630424987505,fraud_Kling-Ernser,entertainment,38.6,Jennifer,Black,F,2870 Bean Terrace Apt. 756,Thomas,WV,26292,39.1505,-79.503,836,Forensic psychologist,1981-08-29,3c16826f4605f06be65c218e14321e10,1371819464,39.097309,-79.398315,False
245,2020-06-21 13:36:21,4476840372112,fraud_Heathcote LLC,entertainment,472.3,Steven,Walters,M,3206 Hall Divide Suite 282,Woodville,AL,35776,34.6689,-86.2296,3395,"Editor, commissioning",1979-01-21,d8188cc764b76befb9196b2d137b6e16,1371821781,33.831990999999995,-85.328265,False
381,2020-06-21 14:22:52,4560004149983868183,"fraud_Denesik, Powlowski and Pouros",entertainment,124.0,Stacy,Villegas,F,20581 Pena Walks,Colorado Springs,CO,80951,38.8881,-104.6556,525713,Museum/gallery exhibitions officer,1992-05-09,d0578f7aeeb06e83eb2fa733a2759e32,1371824572,38.123086,-105.511928,False
490,2020-06-21 15:02:37,3528407217576457,fraud_Botsford Ltd,shopping_pos,18.32,Patricia,Leach,F,71309 Martinez Stravenue,Kingsport,TN,37663,36.4715,-82.4834,87124,Warden/ranger,1987-02-14,2964f8aadd99dcfc7e675375c12fcaa9,1371826957,35.96052,-83.289973,False
421,2020-06-21 14:35:20,213186551511454,fraud_Gerhold LLC,home,111.34,Cody,Dean,M,737 Thomas Wall Apt. 502,West Bethel,ME,4286,44.402,-70.8601,47,Chief Operating Officer,1951-03-31,52aeaefaf737d9d94b5d054040dc9429,1371825320,44.45324,-69.891706,False
405,2020-06-21 14:30:42,180048185037117,"fraud_Romaguera, Cruickshank and Greenholt",shopping_net,912.44,Mary,Wall,F,2481 Mills Lock,Plainfield,NJ,7060,40.6152,-74.415,71485,Leisure centre manager,1974-07-19,b723deda481fac40afc6fde947cf9033,1371825042,40.66616,-75.17219399999999,False
71,2020-06-21 12:36:17,3590736522064285,fraud_Kihn Inc,shopping_pos,379.98,Kimberly,Gonzalez,F,72966 Shannon Pass Apt. 391,Bauxite,AR,72011,34.5091,-92.4828,4074,"Scientist, audiological",1975-12-20,bb3889edf0a90703cc3e281322e9aef1,1371818177,34.44252,-92.264081,False
37,2020-06-21 12:27:22,501899453424,fraud_Hoppe-Parisian,travel,134.6,Jessica,Dominguez,F,06393 Nancy Parkways Suite 855,Gadsden,AL,35903,33.9845,-85.9077,67082,Ceramics designer,1970-01-08,cc3733b9ecedc1a7b0053bd0647cdaaa,1371817642,34.727266,-86.883794,False
187,2020-06-21 13:16:50,377113842678100,fraud_Bins-Howell,personal_care,63.88,Billy,Gallagher,M,673 Delgado Burg,Greenwich,NJ,8323,39.4055,-75.3209,804,Insurance risk surveyor,1965-03-25,043c07bbb352d71d2c45565ea710e859,1371820610,39.746745,-75.181483,False
457,2020-06-21 14:50:16,3598895972308782,fraud_Rolfson-Kunde,health_fitness,65.22,Kenneth,Richards,M,994 Livingston Extensions Suite 918,Norwalk,OH,44857,41.2403,-82.6078,23805,Copy,1970-02-22,a38b8a503bbd5b6517c6ecda1ee4d968,1371826216,41.134903,-82.311256,False
385,2020-06-21 14:24:56,581686439828,"fraud_Moore, Williamson and Emmerich",entertainment,74.04,Larry,House,M,911 Sabrina Trafficway,Cochranton,PA,16314,41.5205,-80.0573,5507,Retail merchandiser,1973-07-28,cc6b68b3297bf88ebc5aeca17be7d53b,1371824696,40.625222,-80.505442,False
308,2020-06-21 13:58:57,6011975266774121,"fraud_O'Reilly, Mohr and Purdy",home,262.54,Haley,Wagner,F,05561 Farrell Crescent,Annapolis,MD,21405,39.0305,-76.5515,92106,"Accountant, chartered certified",1943-05-28,56da6ccecb37de97ef60a259815c0f8e,1371823137,39.716613,-76.34253100000001,False
178,2020-06-21 13:14:37,370348764075623,fraud_Schoen-Quigley,kids_pets,77.76,Christopher,Gomez,M,950 Dunn Squares,Tickfaw,LA,70466,30.5668,-90.482,8512,"Accountant, chartered public finance",1951-09-03,994d71674f1338f94f9d6e45c2d22993,1371820477,29.903396,-90.938375,False
220,2020-06-21 13:28:22,4451438912406400,fraud_Roob-Okuneva,personal_care,10.44,Cheryl,Morgan,F,7535 Amanda Manors Suite 293,Norman,AR,71960,34.4596,-93.6743,1383,Manufacturing engineer,1999-09-11,c303ea027cccbee023a599730afbc785,1371821302,33.97825,-93.426367,False
241,2020-06-21 13:35:13,2296006538441789,"fraud_Dare, Casper and Bartoletti",kids_pets,59.52,Judy,Hogan,F,4970 Michelle Burgs,Brooklyn,NY,11217,40.6816,-73.9798,2504700,Medical sales representative,1999-09-01,75b12e7443a9eaf0916082dfac0876e2,1371821713,39.712232,-73.57559499999999,False
275,2020-06-21 13:48:02,4836998673805450,fraud_Hills-Witting,shopping_net,13.64,Susan,Hardy,F,516 Brown Parks,Manistique,MI,49854,46.0062,-86.2555,6469,Trade mark attorney,1979-04-12,d79d56be64e59e029760dc6efe2c3ab8,1371822482,45.386934,-86.244865,False
126,2020-06-21 12:54:28,38947654498698,"fraud_Baumbach, Strosin and Nicolas",entertainment,7.47,Lori,Rodriguez,F,12087 Michael Light,Creola,OH,45622,39.3543,-82.50299999999999,321,"Copywriter, advertising",1979-06-24,2354372523a6373def295b4b921aa943,1371819268,39.087656,-82.268046,False
299,2020-06-21 13:56:11,3529597930342630,fraud_Jast Ltd,entertainment,14.12,Melissa,Rodriguez,F,81708 Christopher Plaza,Jordanville,NY,13361,42.8948,-74.8209,824,Travel agency manager,1985-09-01,c92da601dbc38b95ab31be0febc3bf23,1371822971,42.477469,-74.11510200000001,False
267,2020-06-21 13:45:56,501899453424,"fraud_Crist, Jakubowski and Littel",home,18.96,Jessica,Dominguez,F,06393 Nancy Parkways Suite 855,Gadsden,AL,35903,33.9845,-85.9077,67082,Ceramics designer,1970-01-08,8b6d9df8bbb0d001e513d4b1d961dac3,1371822356,34.38758,-86.005871,False
76,2020-06-21 12:38:22,4149238353975790,fraud_Gottlieb-Hansen,kids_pets,149.04,Tanner,Carroll,M,494 Burke Ports,Cokeburg,PA,15324,40.1008,-80.0652,632,Dealer,1989-04-08,069013b8389f4433e2e47ce227ccacf1,1371818302,40.067362,-80.213927,False
218,2020-06-21 13:27:56,3511058278399773,"fraud_Cole, Hills and Jewess",home,96.88,Briana,Santos,F,702 Tabitha Drive,New Goshen,IN,47863,39.5803,-87.4616,205,"Engineer, mining",1960-01-06,88a696dc470c5276ca8062ed816bd725,1371821276,40.532936,-88.285648,False
330,2020-06-21 14:05:24,6011542681743618,"fraud_Cronin, Kshlerin and Weber",health_fitness,29.18,Emily,Hall,F,8851 Reese Neck,Basye,VA,22810,38.8089,-78.7776,863,"Engineer, mining",1972-08-09,90e7293fa875cf4f29d1f4ff62f332e0,1371823524,39.479997,-79.135724,False
393,2020-06-21 14:26:22,343668971234893,"fraud_Hermiston, Pacocha and Smith",food_dining,27.24,Sally,Moore,F,835 Reese Views Suite 884,Hopkins,SC,29061,33.9349,-80.8449,13717,Chiropodist,1949-11-16,91e4e957e910cc0e372003038604f822,1371824782,34.614598,-80.183847,False
165,2020-06-21 13:08:25,3582402971899057,fraud_Waelchi Inc,kids_pets,128.72,Michele,Patrick,F,557 Lynn Garden Suite 907,Spirit Lake,ID,83869,47.9657,-116.868,4161,Production manager,1957-06-12,c847bb58c601f2f452b25635b706131b,1371820105,47.57809,-117.293211,False
483,2020-06-21 15:00:26,3556613125071656,"fraud_Reichel, Bradtke and Blanda",travel,2.06,Jose,Vasquez,M,572 Davis Mountains,Lake Jackson,TX,77566,29.0393,-95.4401,28739,Futures trader,1999-12-27,c13e23ca386474672d03d0028cda9ffb,1371826826,29.184856,-94.726437,False
467,2020-06-21 14:55:20,3576431665303017,fraud_Weimann-Lockman,personal_care,73.38,Jessica,Ward,F,72269 Elizabeth Field Apt. 132,Phoenix,AZ,85020,33.5623,-112.0559,1312922,Contractor,1981-10-24,0f3ed907cf6322efd9492facf5bb2528,1371826520,33.663207,-111.93532,False
204,2020-06-21 13:22:21,6011438889172900,"fraud_Watsica, Haag and Considine",shopping_pos,51.0,Allison,Allen,F,40624 Rebecca Spurs,De Witt,AR,72042,34.2853,-91.3336,5161,Electrical engineer,1993-04-08,95cc4ceca59c656d73a7ccffb8c945f6,1371820941,34.30743,-91.964227,False
469,2020-06-21 14:55:42,3504178999463051,fraud_Boyer PLC,misc_pos,41.92,Drew,Garcia,M,70858 Jasmine Meadows Apt. 135,Lima,OH,45801,40.7641,-84.0973,86954,"Copywriter, advertising",1992-07-23,8639d4ad157cc7e3761522d692598544,1371826542,40.036255,-84.890546,False
42,2020-06-21 12:28:39,676369110710,fraud_Rau-Robel,kids_pets,37.92,David,Wolfe,M,81261 Garcia Underpass Suite 741,Southfield,MI,48034,42.4969,-83.2911,75830,"Engineer, automotive",1974-12-28,14dd61cec0b9be2d29aff70f605964ab,1371817719,42.186473,-84.041557,False
179,2020-06-21 13:15:08,2296006538441789,"fraud_Hills, Hegmann and Schaefer",health_fitness,30.13,Judy,Hogan,F,4970 Michelle Burgs,Brooklyn,NY,11217,40.6816,-73.9798,2504700,Medical sales representative,1999-09-01,8ff2dc53da0c292fc7effce265fa2019,1371820508,39.757225,-74.168759,False
412,2020-06-21 14:33:02,4585132874641,fraud_Shields-Wunsch,travel,30.84,Karen,Gordon,F,543 Ware Path Apt. 593,Utica,MO,64686,39.7417,-93.6289,271,Land/geomatics surveyor,1972-04-18,d564d41f11059ef2932499c953727e4e,1371825182,40.449446,-93.732536,False
284,2020-06-21 13:51:15,4623560839669,fraud_Daugherty-Thompson,entertainment,34.63,Vincent,Waller,M,9379 Vanessa Run Apt. 400,Lohrville,IA,51453,42.2619,-94.5566,695,Administrator,1954-07-15,41456992cc4bc8aa8fa2dcdc19a7537e,1371822675,42.921813,-94.956066,False
497,2020-06-21 15:04:53,180046765320457,"fraud_Becker, Harris and Harvey",personal_care,13.1,Jared,Camacho,M,4257 Perez Mall,Canton,OH,44702,40.8027,-81.3739,192805,Building control surveyor,1963-06-30,c2e2ec42a1d98fc4f6c22ba9d397cf71,1371827093,41.513059000000005,-82.008669,False
272,2020-06-21 13:47:13,3576021480694169,"fraud_Reichert, Huels and Hoppe",shopping_net,19.6,Dawn,Gray,F,9486 Joel Common Suite 554,Topeka,KS,66618,39.1329,-95.7023,163415,Secondary school teacher,2004-12-30,8c3f3b2b91f1a39b5c6e44b38fb3986e,1371822433,40.073568,-96.174485,False
104,2020-06-21 12:46:44,4561546772499,"fraud_Witting, Beer and Ernser",food_dining,57.02,Daniel,Briggs,M,7118 Jessica Unions Apt. 789,Moriarty,NM,87035,34.9889,-106.0609,7268,"Therapist, art",1988-08-04,a5d7194717ad3c916578a809950d2096,1371818804,35.342658,-106.334921,False
307,2020-06-21 13:58:54,4173950183554608,fraud_Mohr-Bayer,shopping_net,127.6,Stephen,Marshall,M,47144 Roberts Keys,Monmouth Beach,NJ,7750,40.333,-73.9809,3279,Health promotion specialist,1978-10-05,45b4ec6713f9460b70895b366353523e,1371823134,40.847854,-74.65575600000001,False
13,2020-06-21 12:18:27,4988304376504,fraud_Bechtelar-Rippin,food_dining,15.86,William,Thompson,M,977 Rita Grove Apt. 000,Rock Tavern,NY,12575,41.4575,-74.1659,2258,Building surveyor,1937-03-17,d0d2b5cca5ae19e0a07dc7ef5d51e59e,1371817107,40.71168,-73.668384,False
195,2020-06-21 13:19:51,4904681492230012,fraud_Kihn Inc,misc_net,11.06,Lisa,Lowe,F,574 David Locks Suite 207,Cottekill,NY,12419,41.8467,-74.1038,722,Comptroller,1990-10-19,3f3f4b3fd1cd14f870726cd741a0b819,1371820791,41.346225,-75.015359,False
161,2020-06-21 13:07:39,180094419304907,fraud_Runte-Mohr,food_dining,149.86,Sharon,Smith,F,17666 David Valleys,Sun City,CA,92585,33.7467,-117.1721,54287,"Designer, exhibition/display",1972-09-22,32d09af0255fb72c82da7191246d8205,1371820059,32.811948,-117.597983,False
87,2020-06-21 12:40:36,4223708906367574214,fraud_Thiel-Thiel,entertainment,150.48,Adam,Riddle,M,27718 Mason Bypass,Mount Saint Joseph,OH,45051,39.0965,-84.6431,177,Exhibition designer,1974-05-30,eb52e370f7ed2183cf36ab2f6424c5df,1371818436,39.417127,-84.959324,False
4,2020-06-21 12:15:17,3526826139003047,fraud_Johnston-Casper,travel,6.38,Nathan,Massey,M,5783 Evan Roads Apt. 465,Falmouth,MI,49632,44.2529,-85.01700000000001,1126,Furniture designer,1955-07-06,57ff021bd3f328f8738bb535c302a31b,1371816917,44.959148,-85.884734,False
507,2020-06-21 15:06:29,4745996322265,fraud_Bins-Tillman,entertainment,228.44,Carrie,Washington,F,6114 Adams Harbor Suite 096,Kingsford Heights,IN,46346,41.4802,-86.6919,1423,"Psychologist, forensic",1998-10-07,9b90ef77743f21937ca68dcbd8c3b00a,1371827189,42.472831,-87.59023499999999,False
453,2020-06-21 14:48:50,3540862542587229,fraud_Grimes LLC,kids_pets,48.85,Nancy,Roach,F,376 Brown Courts,Yellowstone National Park,WY,82190,44.7957,-110.6137,369,Materials engineer,1941-11-16,56faeaa96c6f8ffa0a131ee8774c9465,1371826130,44.945198,-111.283947,False
55,2020-06-21 12:31:23,4855488158131690372,fraud_Nader-Maggio,personal_care,137.76,Jeremy,Roberson,M,25887 Martin Inlet,Graniteville,VT,5654,44.1554,-72.4847,970,Agricultural consultant,1993-09-29,a2dbde4624ee6e24bb9633ce9fcd1672,1371817883,43.760065,-72.192128,False
228,2020-06-21 13:31:21,4671727014157745,fraud_Stark-Koss,entertainment,160.06,Kenneth,Edwards,M,3653 Ryan Crossroad,Andrews,IN,46702,40.8618,-85.6067,2304,Retail banker,1955-07-25,b3113c3c6e874f64ddd9603042dbd544,1371821481,40.205207,-85.633849,False
0,2020-06-21 12:14:25,2291163933867244,fraud_Kirlin and Sons,personal_care,2.86,Jeff,Elliott,M,351 Darlene Green,Columbia,SC,29209,33.9659,-80.9355,333497,Mechanical engineer,1968-03-19,2da90c7d74bd46a0caf3777415b3ebd3,1371816865,33.986391,-81.200714,False
291,2020-06-21 13:52:34,378006354724784,"fraud_Denesik, Powlowski and Pouros",home,160.56,Christopher,Matthews,M,433 John Heights Apt. 849,Etlan,VA,22719,38.5095,-78.2638,395,Senior tax professional/tax inspector,1982-01-07,3a137f9fe02ab498a4f95200a565e80d,1371822754,39.187674,-77.77908599999999,False
258,2020-06-21 13:42:57,375248307838179,fraud_Lemke and Sons,travel,201.5,Joshua,Mendoza,M,4215 Miranda Field Suite 326,Tallmansville,WV,26237,38.8564,-80.158,571,Accounting technician,1967-09-16,02b71d98b7ba5cfa2b7486005f2f299a,1371822177,38.328992,-80.29454799999999,False
138,2020-06-21 12:57:56,3587960728692500,"fraud_Cronin, Kshlerin and Weber",health_fitness,219.08,Kathy,Hughes,F,02110 Lucas Freeway Suite 517,Battle Creek,IA,51006,42.3327,-95.6045,1075,"Teacher, early years/pre",1997-01-02,97a5689374259165c553e66d3a81d1f8,1371819476,42.079377,-96.459033,False
322,2020-06-21 14:03:27,630423337322,fraud_Heaney-Marquardt,entertainment,25.82,Stephanie,Gill,F,43039 Riley Greens Suite 393,Orient,WA,99160,48.8878,-118.2105,149,Special educational needs teacher,1978-06-21,bb838fefa1fcec6aecd6688c4c39593b,1371823407,48.341754,-117.775503,False
256,2020-06-21 13:42:30,376656886990758,fraud_Gerhold LLC,personal_care,36.04,Richard,Vance,M,169 Shelia Knoll Suite 753,Zavalla,TX,75980,31.1569,-94.3871,2836,"Designer, jewellery",1985-12-03,5037b72eab0645fcb9370388c360a003,1371822150,30.603846,-93.59103,False
38,2020-06-21 12:27:40,6011348830550197,fraud_Hoppe-Parisian,kids_pets,73.44,Samuel,Johnston,M,16285 Jessica Lights,Birmingham,AL,35229,33.4629,-86.7904,493806,Musician,1980-07-12,60a92b482a0058d2769c1ab10c55cb25,1371817660,32.761156,-85.903113,False
162,2020-06-21 13:07:39,4906628655840914250,"fraud_Dare, Fritsch and Zboncak",health_fitness,267.68,Charles,Moreno,M,838 Franklin Prairie Apt. 902,Key West,FL,33040,24.6557,-81.3824,32891,Town planner,1987-02-13,3d9306d075b6b52268ba7c890be3b74a,1371820059,24.630585,-80.80667700000001,False
378,2020-06-21 14:22:23,3545109339866548,fraud_Hills-Boyer,personal_care,261.3,Keith,Sanders,M,8030 Beck Motorway,Moorhead,MS,38761,33.4783,-90.5142,2870,Chartered public finance accountant,1999-03-05,5b4111892b038dd340997cafb0f1f5ba,1371824543,33.065694,-91.274244,False
